generated_at,window_start,horizon,prediction,threat_probability,trend,potential_stage,forecast_mode,probability_BENIGN,probability_DoS GoldenEye,probability_DoS Hulk,probability_DoS Slowhttptest,probability_DoS slowloris,probability_Heartbleed
2026-09-06T04:50:05,2026-09-06T04:50:00,1,BENIGN,0.0828918580074679,STABLE,,momentum,0.9171081419925321,0.0007352619656448788,0.004753068585392134,0.06263709495821945,0.014766432498211446,0.0
2026-09-06T04:50:05,2026-09-06T04:51:00,2,BENIGN,0.0828918580074679,STABLE,,momentum,0.9171081419925321,0.0007352619656448788,0.004753068585392134,0.06263709495821945,0.014766432498211446,0.0
2026-09-06T04:50:05,2026-09-06T04:52:00,3,BENIGN,0.0828918580074679,STABLE,,momentum,0.9171081419925321,0.0007352619656448788,0.004753068585392134,0.06263709495821945,0.014766432498211446,0.0
2026-09-06T04:50:05,2026-09-06T04:53:00,4,BENIGN,0.0828918580074679,STABLE,,momentum,0.9171081419925321,0.0007352619656448788,0.004753068585392134,0.06263709495821945,0.014766432498211446,0.0
2026-09-06T04:50:05,2026-09-06T04:54:00,5,BENIGN,0.0828918580074679,STABLE,,momentum,0.9171081419925321,0.0007352619656448788,0.004753068585392134,0.06263709495821945,0.014766432498211446,0.0
2026-09-06T04:51:49,2026-09-06T04:51:00,1,BENIGN,0.07403489582131484,STABLE,,momentum,0.9259651041786852,4.220283193245669e-05,0.002781105435631354,0.042164191099306476,0.029047396454444575,0.0
2026-09-06T04:51:49,2026-09-06T04:52:00,2,BENIGN,0.07504028622178882,STABLE,,momentum,0.9249597137782112,4.2209159639748674e-05,0.0030226725681092577,0.04467326617044262,0.027302138323597146,0.0
2026-09-06T04:51:49,2026-09-06T04:53:00,3,BENIGN,0.07563183318546507,STABLE,,momentum,0.9243681668145349,4.2212882706961014e-05,0.003164804722617511,0.04614954418072264,0.02627527139941787,0.0
2026-09-06T04:51:49,2026-09-06T04:54:00,4,BENIGN,0.07602144549496748,STABLE,,momentum,0.9239785545050325,4.221533484162505e-05,0.0032584176398885337,0.04712186949108969,0.025598943029147777,0.0
2026-09-06T04:51:49,2026-09-06T04:55:00,5,BENIGN,0.07629744826885398,STABLE,,momentum,0.923702551731146,4.221707194271941e-05,0.0033247333701881855,0.04781066826935172,0.025119829557371392,0.0
2026-09-06T05:00:26,2026-09-06T05:01:00,1,BENIGN,0.043526558725503595,STABLE,,momentum,0.9564734412744964,0.0,0.00625,0.006152243032920245,0.031124315692583348,0.0
2026-09-06T05:00:26,2026-09-06T05:02:00,2,BENIGN,0.043526558725503595,STABLE,,momentum,0.9564734412744964,0.0,0.00625,0.006152243032920245,0.031124315692583348,0.0
2026-09-06T05:00:26,2026-09-06T05:03:00,3,BENIGN,0.043526558725503595,STABLE,,momentum,0.9564734412744964,0.0,0.00625,0.006152243032920245,0.031124315692583348,0.0
2026-09-06T05:00:26,2026-09-06T05:04:00,4,BENIGN,0.043526558725503595,STABLE,,momentum,0.9564734412744964,0.0,0.00625,0.006152243032920245,0.031124315692583348,0.0
2026-09-06T05:00:26,2026-09-06T05:05:00,5,BENIGN,0.043526558725503595,STABLE,,momentum,0.9564734412744964,0.0,0.00625,0.006152243032920245,0.031124315692583348,0.0
2026-09-06T05:15:14,2026-09-06T05:14:00,1,BENIGN,0.0884193961554598,STABLE,,momentum,0.9115806038445402,0.00022248740643410602,0.003582877431986297,0.06186147254490692,0.022752558772132416,0.0
2026-09-06T05:15:14,2026-09-06T05:15:00,2,BENIGN,0.0884193961554598,STABLE,,momentum,0.9115806038445402,0.00022248740643410602,0.003582877431986297,0.06186147254490692,0.022752558772132416,0.0
2026-09-06T05:15:14,2026-09-06T05:16:00,3,BENIGN,0.0884193961554598,STABLE,,momentum,0.9115806038445402,0.00022248740643410602,0.003582877431986297,0.06186147254490692,0.022752558772132416,0.0
2026-09-06T05:15:14,2026-09-06T05:17:00,4,BENIGN,0.0884193961554598,STABLE,,momentum,0.9115806038445402,0.00022248740643410602,0.003582877431986297,0.06186147254490692,0.022752558772132416,0.0
2026-09-06T05:15:14,2026-09-06T05:18:00,5,BENIGN,0.0884193961554598,STABLE,,momentum,0.9115806038445402,0.00022248740643410602,0.003582877431986297,0.06186147254490692,0.022752558772132416,0.0
2026-09-06T05:17:07,2026-09-06T05:15:00,1,BENIGN,0.08386447531689545,STABLE,,momentum,0.9161355246831046,1.1122266942028538e-05,0.00210199522168443,0.05809061455033557,0.023660743277933393,0.0
2026-09-06T05:17:07,2026-09-06T05:16:00,2,BENIGN,0.08439834369335053,STABLE,,momentum,0.9156016563066495,1.1122812186305116e-05,0.0022833256357460995,0.05855371141438278,0.023550183831035482,0.0
2026-09-06T05:17:07,2026-09-06T05:17:00,3,BENIGN,0.08471240836657279,STABLE,,momentum,0.9152875916334272,1.1123132943205323e-05,0.0023899988903330325,0.05882614254477285,0.023485143798523782,0.0
2026-09-06T05:17:07,2026-09-06T05:18:00,4,BENIGN,0.08491924133627904,STABLE,,momentum,0.915080758663721,1.1123344183462125e-05,0.002460250491088038,0.059005556991997755,0.023442310509009957,0.0
2026-09-06T05:17:07,2026-09-06T05:19:00,5,BENIGN,0.08506575277634776,STABLE,,momentum,0.9149342472236522,1.1123493816831832e-05,0.002510013656062875,0.05913264634854151,0.023411969277926475,0.0
2026-09-06T05:34:38,2026-09-06T05:35:00,1,BENIGN,0.043526558725503595,STABLE,,momentum,0.9564734412744964,0.0,0.00625,0.006152243032920245,0.031124315692583348,0.0
2026-09-06T05:34:38,2026-09-06T05:36:00,2,BENIGN,0.043526558725503595,STABLE,,momentum,0.9564734412744964,0.0,0.00625,0.006152243032920245,0.031124315692583348,0.0
2026-09-06T05:34:38,2026-09-06T05:37:00,3,BENIGN,0.043526558725503595,STABLE,,momentum,0.9564734412744964,0.0,0.00625,0.006152243032920245,0.031124315692583348,0.0
2026-09-06T05:34:38,2026-09-06T05:38:00,4,BENIGN,0.043526558725503595,STABLE,,momentum,0.9564734412744964,0.0,0.00625,0.006152243032920245,0.031124315692583348,0.0
2026-09-06T05:34:38,2026-09-06T05:39:00,5,BENIGN,0.043526558725503595,STABLE,,momentum,0.9564734412744964,0.0,0.00625,0.006152243032920245,0.031124315692583348,0.0
2026-09-06T05:34:48,2026-09-06T05:35:00,1,BENIGN,0.018624315692583382,STABLE,,momentum,0.9813756843074166,0.0,0.0,0.0,0.018624315692583347,0.0
2026-09-06T05:34:48,2026-09-06T05:36:00,2,BENIGN,0.018624315692583382,STABLE,,momentum,0.9813756843074166,0.0,0.0,0.0,0.018624315692583347,0.0
2026-09-06T05:34:48,2026-09-06T05:37:00,3,BENIGN,0.018624315692583382,STABLE,,momentum,0.9813756843074166,0.0,0.0,0.0,0.018624315692583347,0.0
2026-09-06T05:34:48,2026-09-06T05:38:00,4,BENIGN,0.018624315692583382,STABLE,,momentum,0.9813756843074166,0.0,0.0,0.0,0.018624315692583347,0.0
2026-09-06T05:34:48,2026-09-06T05:39:00,5,BENIGN,0.018624315692583382,STABLE,,momentum,0.9813756843074166,0.0,0.0,0.0,0.018624315692583347,0.0
2026-09-06T05:43:22,2026-09-06T05:44:00,1,BENIGN,0.19341465472220043,STABLE,,momentum,0.8065853452777996,0.0,0.0,0.18097758238459188,0.012437072337608594,0.0
2026-09-06T05:43:22,2026-09-06T05:45:00,2,BENIGN,0.19341465472220043,STABLE,,momentum,0.8065853452777996,0.0,0.0,0.18097758238459188,0.012437072337608594,0.0
2026-09-06T05:43:22,2026-09-06T05:46:00,3,BENIGN,0.19341465472220043,STABLE,,momentum,0.8065853452777996,0.0,0.0,0.18097758238459188,0.012437072337608594,0.0
2026-09-06T05:43:22,2026-09-06T05:47:00,4,BENIGN,0.19341465472220043,STABLE,,momentum,0.8065853452777996,0.0,0.0,0.18097758238459188,0.012437072337608594,0.0
2026-09-06T05:43:22,2026-09-06T05:48:00,5,BENIGN,0.19341465472220043,STABLE,,momentum,0.8065853452777996,0.0,0.0,0.18097758238459188,0.012437072337608594,0.0
